"idn:aamsqec.com","aamsqec.com","Domain"
"idn:aapwdqx.in","aapwdqx.in","Domain"
"idn:aawgiow.biz","aawgiow.biz","Domain"
"idn:acfwftg.com","acfwftg.com","Domain"
"idn:adbnsrt.me","adbnsrt.me","Domain"
"idn:aekqtdz.org","aekqtdz.org","Domain"
"idn:aemmfiu.cc","aemmfiu.cc","Domain"
"idn:afcytwc.com","afcytwc.com","Domain"
"idn:afgnckn.com","afgnckn.com","Domain"
"idn:agcdnsk.org","agcdnsk.org","Domain"
"idn:aghpmly.com","aghpmly.com","Domain"
"idn:agnxomu.com","agnxomu.com","Domain"
"idn:ahblatp.com","ahblatp.com","Domain"
"idn:aiejedp.in","aiejedp.in","Domain"
"idn:aimzxmj.com","aimzxmj.com","Domain"
"idn:ajirkxs.cc","ajirkxs.cc","Domain"
"idn:ajqnsrc.com","ajqnsrc.com","Domain"
"idn:akjlcbb.com","akjlcbb.com","Domain"
"idn:akpsxcf.com","akpsxcf.com","Domain"
"idn:akscwor.net","akscwor.net","Domain"
"idn:alerafn.cc","alerafn.cc","Domain"
"idn:alidxwr.com","alidxwr.com","Domain"
"idn:alykwzd.com","alykwzd.com","Domain"
"idn:amnoboe.com","amnoboe.com","Domain"
"idn:amrjcad.com","amrjcad.com","Domain"
"idn:amsdkmt.in","amsdkmt.in","Domain"
"idn:andhttz.com","andhttz.com","Domain"
"idn:anksjac.com","anksjac.com","Domain"
"idn:antkizk.com","antkizk.com","Domain"
"idn:aoofgan.in","aoofgan.in","Domain"
"idn:aopgwes.cc","aopgwes.cc","Domain"
"idn:apbjhiu.com","apbjhiu.com","Domain"
"idn:apgapmz.biz","apgapmz.biz","Domain"
"idn:apkorcb.com","apkorcb.com","Domain"
"idn:aqfyrgb.in","aqfyrgb.in","Domain"
"idn:aqnepqy.com","aqnepqy.com","Domain"
"idn:aqnlgpx.com","aqnlgpx.com","Domain"
"idn:aqokwpj.org","aqokwpj.org","Domain"
"idn:aqphfgh.cc","aqphfgh.cc","Domain"
"idn:aqxmfmi.in","aqxmfmi.in","Domain"
"idn:aqzwctf.me","aqzwctf.me","Domain"
"idn:ardydzj.in","ardydzj.in","Domain"
"idn:ashphhp.com","ashphhp.com","Domain"
"idn:asnycoq.com","asnycoq.com","Domain"
"idn:asspccy.com","asspccy.com","Domain"
"idn:asufqtg.net","asufqtg.net","Domain"
"idn:asuqjow.in","asuqjow.in","Domain"
"idn:atfwuia.com","atfwuia.com","Domain"
"idn:atoifmo.com","atoifmo.com","Domain"
"idn:atzbggz.com","atzbggz.com","Domain"
"idn:atznarx.net","atznarx.net","Domain"
"idn:aubefwb.net","aubefwb.net","Domain"
"idn:augplqr.in","augplqr.in","Domain"
"idn:awakwuo.net","awakwuo.net","Domain"
"idn:awdgxjg.com","awdgxjg.com","Domain"
"idn:awgutqp.cc","awgutqp.cc","Domain"
"idn:awsgbxb.net","awsgbxb.net","Domain"
"idn:axikbay.com","axikbay.com","Domain"
"idn:aykxbcd.com","aykxbcd.com","Domain"
"idn:aytxmbg.com","aytxmbg.com","Domain"
"idn:azaobrm.com","azaobrm.com","Domain"
"idn:baouque.me","baouque.me","Domain"
"idn:bbcieyz.net","bbcieyz.net","Domain"
"idn:bbdaowk.com","bbdaowk.com","Domain"
"idn:bbdbwom.com","bbdbwom.com","Domain"
"idn:bbxqxbn.com","bbxqxbn.com","Domain"
"idn:bcgzsrx.com","bcgzsrx.com","Domain"
"idn:bcolyyp.in","bcolyyp.in","Domain"
"idn:bcpbamn.com","bcpbamn.com","Domain"
"idn:bdhkrzo.net","bdhkrzo.net","Domain"
"idn:bdlfrtt.com","bdlfrtt.com","Domain"
"idn:bgcaknx.net","bgcaknx.net","Domain"
"idn:bgtkuuc.com","bgtkuuc.com","Domain"
"idn:bhproxies.com","bhproxies.com","Domain"
"idn:bhproxys.com","bhproxys.com","Domain"
"idn:blgujzi.com","blgujzi.com","Domain"
"idn:bpjczuy.biz","bpjczuy.biz","Domain"
"idn:bqpthdh.cc","bqpthdh.cc","Domain"
"idn:bqrycsh.com","bqrycsh.com","Domain"
"idn:byhmzxm.com","byhmzxm.com","Domain"
"idn:centurylink.com","centurylink.com","Domain"
"idn:cflefdn.com","cflefdn.com","Domain"
"idn:cjnunpb.net","cjnunpb.net","Domain"
"idn:cjzhqbz.biz","cjzhqbz.biz","Domain"
"idn:cknauue.org","cknauue.org","Domain"
"idn:cn-sec.com","cn-sec.com","Domain"
"idn:cnahymy.me","cnahymy.me","Domain"
"idn:cogrjsx.com","cogrjsx.com","Domain"
"idn:czwaikg.com","czwaikg.com","Domain"
"idn:dabdtfb.net","dabdtfb.net","Domain"
"idn:dbggepx.com","dbggepx.com","Domain"
"idn:ddgjwrj.cc","ddgjwrj.cc","Domain"
"idn:deepinstinct.com","deepinstinct.com","Domain"
"idn:egugrlgb.com","egugrlgb.com","Domain"
"idn:fywkuzp.ru","fywkuzp.ru","Domain"
"idn:gplngcyt.com","gplngcyt.com","Domain"
"idn:lllyskcy.net","lllyskcy.net","Domain"
"idn:proxy-base.com","proxy-base.com","Domain"
"idn:proxy-base.org","proxy-base.org","Domain"
"idn:xmfilbzw.com","xmfilbzw.com","Domain"
"email:info@novigotek.com","info@novigotek.com","Email Address"
"email:info@thehackernews.com","info@thehackernews.com","Email Address"
"email:noreply@blogger.com","noreply@blogger.com","Email Address"
"hash:01c3c9cd3eb320907d76ddd1820175c1fabb2851","01c3c9cd3eb320907d76ddd1820175c1fabb2851","Hash"
"hash:04203ab2cbedefbeaa20f5d0a98617ab","04203ab2cbedefbeaa20f5d0a98617ab","Hash"
"hash:05025defdd6ce4dc00f2e253987aa0d2","05025defdd6ce4dc00f2e253987aa0d2","Hash"
"hash:0b23c08449a238098c9e0677768027f0","0b23c08449a238098c9e0677768027f0","Hash"
"hash:0da3bca82b23c359ed5fa379321b3924","0da3bca82b23c359ed5fa379321b3924","Hash"
"hash:0f16b7bc2cf8601f8299fe72cdbf76cd","0f16b7bc2cf8601f8299fe72cdbf76cd","Hash"
"hash:0f1b0a712e9494c562f1526d9d09be8b","0f1b0a712e9494c562f1526d9d09be8b","Hash"
"hash:1197a8950730d7bc7f61fc0ea50e6a02","1197a8950730d7bc7f61fc0ea50e6a02","Hash"
"hash:12eaf4eaa3c36ec670fce90ed2735d88","12eaf4eaa3c36ec670fce90ed2735d88","Hash"
"hash:138b7ea7bc9c31fa05ce27489071dc95","138b7ea7bc9c31fa05ce27489071dc95","Hash"
"hash:15df4cdd5a46f7c2855a19c3d15b5b2b","15df4cdd5a46f7c2855a19c3d15b5b2b","Hash"
"hash:1619ec4c795e2dbeaa40d012382fe0e3","1619ec4c795e2dbeaa40d012382fe0e3","Hash"
"hash:184b25ea7c22f234f063be3bb6058ead","184b25ea7c22f234f063be3bb6058ead","Hash"
"hash:188950ef2436f8049ca9148d7864bbde","188950ef2436f8049ca9148d7864bbde","Hash"
"hash:18b55e88a6d28f98bd67e93310eb7dc9","18b55e88a6d28f98bd67e93310eb7dc9","Hash"
"hash:22ce9fe97aa40ec024fb0600bc3e1d96","22ce9fe97aa40ec024fb0600bc3e1d96","Hash"
"hash:242ff48c756577f0504741af553360df","242ff48c756577f0504741af553360df","Hash"
"hash:2777dd3ae2b101adbbdf64f52eb8c8af","2777dd3ae2b101adbbdf64f52eb8c8af","Hash"
"hash:2d915c2d03ff6a8fe1e84bc21c777f5f","2d915c2d03ff6a8fe1e84bc21c777f5f","Hash"
"hash:2dc9ebf88b42374c3642af803fa3ff95","2dc9ebf88b42374c3642af803fa3ff95","Hash"
"hash:2f3e78de0797aa6954bf89aedaa818ea","2f3e78de0797aa6954bf89aedaa818ea","Hash"
"hash:301ad72404f3c0bfe1d5ed9fc0ce4a76","301ad72404f3c0bfe1d5ed9fc0ce4a76","Hash"
"hash:304ba4a76617bd18c953032c1ba06989","304ba4a76617bd18c953032c1ba06989","Hash"
"hash:3157cc0550c690ab5ca29540758405dc","3157cc0550c690ab5ca29540758405dc","Hash"
"hash:31fb620512f742d8f8f6e3144d77bc49","31fb620512f742d8f8f6e3144d77bc49","Hash"
"hash:37157c967c1569060e9d806e80914952","37157c967c1569060e9d806e80914952","Hash"
"hash:377b704bf5e28c46ab72e8b51566486e","377b704bf5e28c46ab72e8b51566486e","Hash"
"hash:3836c899647671d998795f2f944c4cbb","3836c899647671d998795f2f944c4cbb","Hash"
"hash:3882563aa84d584270d70436a102fa1367753b75","3882563aa84d584270d70436a102fa1367753b75","Hash"
"hash:3b89ed291757544ee2c03be6540add8e","3b89ed291757544ee2c03be6540add8e","Hash"
"hash:3c7888d0b7fc6962b53fd7453a6a6b89","3c7888d0b7fc6962b53fd7453a6a6b89","Hash"
"hash:3fe193ac7386e13bc94105cee70befca","3fe193ac7386e13bc94105cee70befca","Hash"
"hash:45cc9789ad51778e28b753c7b09172ed","45cc9789ad51778e28b753c7b09172ed","Hash"
"hash:477ec29cd5ea136598cc424110d26259","477ec29cd5ea136598cc424110d26259","Hash"
"hash:4ca8ef5d00bde49659ca97faf2a2a47445e6a3e82c151f18f0923392826d5af0","4ca8ef5d00bde49659ca97faf2a2a47445e6a3e82c151f18f0923392826d5af0","Hash"
"hash:5198f8d1d2af9deb09e582403a61a820","5198f8d1d2af9deb09e582403a61a820","Hash"
"hash:52c86ce8669b6bc4636f7737abb50d1d","52c86ce8669b6bc4636f7737abb50d1d","Hash"
"hash:537c1317de02e315f21f6c2773c6a8867810d0d4","537c1317de02e315f21f6c2773c6a8867810d0d4","Hash"
"hash:54b7b9f08408a617bd09c2c644e1ad07","54b7b9f08408a617bd09c2c644e1ad07","Hash"
"hash:57feb22776956a32998d30d0cb8a8fa9","57feb22776956a32998d30d0cb8a8fa9","Hash"
"hash:5af61dfefe9694ab7d24085a95cf0514","5af61dfefe9694ab7d24085a95cf0514","Hash"
"hash:5d34d1b910fe96f2463fb9014c031494","5d34d1b910fe96f2463fb9014c031494","Hash"
"hash:642f026967655d072e7f826e32991d31","642f026967655d072e7f826e32991d31","Hash"
"hash:6668d5182ead5ae508ad9b88315ad5c05ead300f","6668d5182ead5ae508ad9b88315ad5c05ead300f","Hash"
"hash:6aaebc5e096cc26ac82da4bd8e09d081","6aaebc5e096cc26ac82da4bd8e09d081","Hash"
"hash:6b4fb51d9610144a6740f9d4d3814ea3","6b4fb51d9610144a6740f9d4d3814ea3","Hash"
"hash:6fcd36052b242bc33e90577e9a9cf5dc91bc7c5f3ad587b0d45ab4a7cb7b73b3","6fcd36052b242bc33e90577e9a9cf5dc91bc7c5f3ad587b0d45ab4a7cb7b73b3","Hash"
"hash:756b214f0594eb4e3ca1095f491375c5","756b214f0594eb4e3ca1095f491375c5","Hash"
"hash:7ad32cd0f5707f218cfa83f41e5e2631","7ad32cd0f5707f218cfa83f41e5e2631","Hash"
"hash:7cfc358eaff389e9cf2aab3a8dfb4fe3","7cfc358eaff389e9cf2aab3a8dfb4fe3","Hash"
"hash:7f4b2229e6ae614d86d74917f6d5b41890e62a26","7f4b2229e6ae614d86d74917f6d5b41890e62a26","Hash"
"hash:82253c15e497f8c38efa4529d9c7fd46","82253c15e497f8c38efa4529d9c7fd46","Hash"
"hash:82a7c874ebe556b02b7a885e31e502fe","82a7c874ebe556b02b7a885e31e502fe","Hash"
"hash:854f986fe4668448311cb0bae31409a9","854f986fe4668448311cb0bae31409a9","Hash"
"hash:8644f236ce550ac65d554f819119bfb6","8644f236ce550ac65d554f819119bfb6","Hash"
"hash:88db4c57abbb3a951b0a6993fdaaaf9d","88db4c57abbb3a951b0a6993fdaaaf9d","Hash"
"hash:902adabd181d0bdd013c3f32924e178b","902adabd181d0bdd013c3f32924e178b","Hash"
"hash:93a69325a12c6d019b27999c722ce39a","93a69325a12c6d019b27999c722ce39a","Hash"
"hash:958710a09a236001bdb14b617424d895","958710a09a236001bdb14b617424d895","Hash"
"hash:9c79bfc5e3530dd9a4daa6932b75410d","9c79bfc5e3530dd9a4daa6932b75410d","Hash"
"hash:9d9e79819583ece79288411722dfaca2","9d9e79819583ece79288411722dfaca2","Hash"
"hash:9f930b106c1d1ddcb832a86e14c0474d3d2e6c22b0d3408fccfa8347d7f4e7c4","9f930b106c1d1ddcb832a86e14c0474d3d2e6c22b0d3408fccfa8347d7f4e7c4","Hash"
"hash:a1d8f084f75c7c073cb4757fa6a9e2bc","a1d8f084f75c7c073cb4757fa6a9e2bc","Hash"
"hash:a321ce7c09cf2732dbd3efed2f1b9cde","a321ce7c09cf2732dbd3efed2f1b9cde","Hash"
"hash:a8673f34b9de35607e7d3ce5cb0eb705","a8673f34b9de35607e7d3ce5cb0eb705","Hash"
"hash:a97b2a096a1cca9674007c66cf5a2847","a97b2a096a1cca9674007c66cf5a2847","Hash"
"hash:addf7d1e7abb771de50bad79e89b87a9","addf7d1e7abb771de50bad79e89b87a9","Hash"
"hash:ae1385f94192ea960db09a0718d38a2486a4f6f3","ae1385f94192ea960db09a0718d38a2486a4f6f3","Hash"
"hash:b0107ba8a5a3af672a8ba64e721552e8","b0107ba8a5a3af672a8ba64e721552e8","Hash"
"hash:b29fb4800a44de05fa385040174c9f305664d0d3","b29fb4800a44de05fa385040174c9f305664d0d3","Hash"
"hash:b7245ed896cd4199b410a326e1295aafb3e23c3311d301b1cdaf964cf7c008d9","b7245ed896cd4199b410a326e1295aafb3e23c3311d301b1cdaf964cf7c008d9","Hash"
"hash:b7538f782d1d6399a78961eacb971dbd","b7538f782d1d6399a78961eacb971dbd","Hash"
"hash:b963a30fc00a448ba63224591bc8eb96","b963a30fc00a448ba63224591bc8eb96","Hash"
"hash:bc6ced6144c9aac8824e65503be54c30","bc6ced6144c9aac8824e65503be54c30","Hash"
"hash:bc7bd70f82ecf4936482d0edd2921982","bc7bd70f82ecf4936482d0edd2921982","Hash"
"hash:c1e3c635aabc249824825cbe3305711b","c1e3c635aabc249824825cbe3305711b","Hash"
"hash:c3aa734162e8140cd4a237b3e249f8b7","c3aa734162e8140cd4a237b3e249f8b7","Hash"
"hash:c4ef1637d59d8dcf3ff0704d4a7e49ec","c4ef1637d59d8dcf3ff0704d4a7e49ec","Hash"
"hash:c59b259f2d75a630cc2795da3519e284","c59b259f2d75a630cc2795da3519e284","Hash"
"hash:c5ee33f38a1a594559fcb7686431b6f9","c5ee33f38a1a594559fcb7686431b6f9","Hash"
"hash:c7d679c2bcd238cc40926f70edc89820","c7d679c2bcd238cc40926f70edc89820","Hash"
"hash:cbf45f283fc32b2b20bd26e5afe45d5b","cbf45f283fc32b2b20bd26e5afe45d5b","Hash"
"hash:ce7fdb528fefc3defc43ce325c8e427b","ce7fdb528fefc3defc43ce325c8e427b","Hash"
"hash:d225584e9f4f1426ff27b15852693085","d225584e9f4f1426ff27b15852693085","Hash"
"hash:d3f15300ff8ad4127ab85585daaadf83","d3f15300ff8ad4127ab85585daaadf83","Hash"
"hash:d6e7f63e2f79830383831063b68da554","d6e7f63e2f79830383831063b68da554","Hash"
"hash:d9306f893d748d1953365c98dd6287bc","d9306f893d748d1953365c98dd6287bc","Hash"
"hash:d97e3c82eec758af0cbabd897d6b848b","d97e3c82eec758af0cbabd897d6b848b","Hash"
"hash:dd3ba33a4c1c67136c4ace2a103689af","dd3ba33a4c1c67136c4ace2a103689af","Hash"
"hash:ddc4fb80500ca15e5048c2cc91a9d1ef","ddc4fb80500ca15e5048c2cc91a9d1ef","Hash"
"hash:e123e3b160d19bf12880fdb0af2fec19","e123e3b160d19bf12880fdb0af2fec19","Hash"
"hash:e1a67061f58fe3fa78a0c74b6eff0c50","e1a67061f58fe3fa78a0c74b6eff0c50","Hash"
"hash:e3a6cf3f96c3603f47de989ed294d602","e3a6cf3f96c3603f47de989ed294d602","Hash"
"hash:e4415afabaaefe859194409a33b2cb65","e4415afabaaefe859194409a33b2cb65","Hash"
"hash:eb1213af1654c6552789522090e04e54","eb1213af1654c6552789522090e04e54","Hash"
"hash:ec792f12abcf50decea0e884e3ad40c7","ec792f12abcf50decea0e884e3ad40c7","Hash"
"hash:f11edc024f46838e973b140087c4bdd8","f11edc024f46838e973b140087c4bdd8","Hash"
"hash:f35f83bdb16cb7fcba898e7a244bc1dd","f35f83bdb16cb7fcba898e7a244bc1dd","Hash"
"hash:f4ba5e8f98fe70d764df71b7c390237b90ed0fc3408579a15a06ee56008a3531","f4ba5e8f98fe70d764df71b7c390237b90ed0fc3408579a15a06ee56008a3531","Hash"
"hash:f4c17ec84f000123818ef1480bc152d0","f4c17ec84f000123818ef1480bc152d0","Hash"
"ip:109.236.82.28","109.236.82.28","IP Address"
"ip:109.236.83.166","109.236.83.166","IP Address"
"ip:109.236.85.135","109.236.85.135","IP Address"
"ip:109.236.85.147","109.236.85.147","IP Address"
"ip:109.236.85.150","109.236.85.150","IP Address"
"ip:109.236.85.153","109.236.85.153","IP Address"
"ip:109.236.85.154","109.236.85.154","IP Address"
"ip:109.236.85.21","109.236.85.21","IP Address"
"ip:109.236.85.93","109.236.85.93","IP Address"
"ip:109.236.87.49","109.236.87.49","IP Address"
"ip:109.236.91.239","109.236.91.239","IP Address"
"ip:116.202.114.236","116.202.114.236","IP Address"
"ip:138.128.150.133","138.128.150.133","IP Address"
"ip:144.76.8.93","144.76.8.93","IP Address"
"ip:168.119.15.229","168.119.15.229","IP Address"
"ip:178.132.2.82","178.132.2.82","IP Address"
"ip:178.132.3.12","178.132.3.12","IP Address"
"ip:190.2.134.165","190.2.134.165","IP Address"
"ip:194.88.105.108","194.88.105.108","IP Address"
"ip:194.88.106.18","194.88.106.18","IP Address"
"ip:212.8.242.104","212.8.242.104","IP Address"
"ip:217.151.98.69","217.151.98.69","IP Address"
"ip:217.23.12.50","217.23.12.50","IP Address"
"ip:217.23.12.80","217.23.12.80","IP Address"
"ip:217.23.13.104","217.23.13.104","IP Address"
"ip:217.23.13.62","217.23.13.62","IP Address"
"ip:217.23.3.15","217.23.3.15","IP Address"
"ip:217.23.6.62","217.23.6.62","IP Address"
"ip:217.23.8.12","217.23.8.12","IP Address"
"ip:37.48.112.111","37.48.112.111","IP Address"
"ip:38.130.218.117","38.130.218.117","IP Address"
"ip:46.166.173.180","46.166.173.180","IP Address"
"ip:49.12.128.180","49.12.128.180","IP Address"
"ip:49.12.128.181","49.12.128.181","IP Address"
"ip:62.112.11.245","62.112.11.245","IP Address"
"ip:70.36.107.154","70.36.107.154","IP Address"
"ip:70.36.107.38","70.36.107.38","IP Address"
"ip:70.36.107.39","70.36.107.39","IP Address"
"ip:74.222.19.103","74.222.19.103","IP Address"
"ip:74.222.19.63","74.222.19.63","IP Address"
"ip:75.126.102.251","75.126.102.251","IP Address"
"ip:89.38.96.14","89.38.96.14","IP Address"
"ip:89.38.96.140","89.38.96.140","IP Address"
"ip:89.38.98.165","89.38.98.165","IP Address"
"ip:89.38.98.47","89.38.98.47","IP Address"
"ip:89.38.98.48","89.38.98.48","IP Address"
"ip:89.39.104.201","89.39.104.201","IP Address"
"ip:89.39.104.58","89.39.104.58","IP Address"
"ip:89.39.104.62","89.39.104.62","IP Address"
"ip:89.39.105.47","89.39.105.47","IP Address"
"ip:89.39.105.82","89.39.105.82","IP Address"
"ip:89.39.107.19","89.39.107.19","IP Address"
"ip:89.39.107.82","89.39.107.82","IP Address"
"ip:89.39.107.92","89.39.107.92","IP Address"
"ip:91.229.23.112","91.229.23.112","IP Address"
"ip:95.168.169.43","95.168.169.43","IP Address"
"ip:95.211.140.149","95.211.140.149","IP Address"
"ip:95.211.198.102","95.211.198.102","IP Address"
"ip:95.211.203.197","95.211.203.197","IP Address"
